<?xml version = '1.0' encoding = 'UTF-8'?>
<Entity class="oracle.dbtools.crest.model.design.logical.Entity" directorySegmentName="seg_0" id="2F0472B9-9912-064E-F3BE-9FC3C31D65DC" name="Cleaning History">
<createdBy>KOIF</createdBy>
<createdTime>2021-06-01 11:35:39 UTC</createdTime>
<ownerDesignName>logical</ownerDesignName>
<engineerTo>
<item key="6C9AE13D-3040-F554-5B88-550CA916DE0A" value="true"/>
<item key="7E35A9FB-7E14-8EF2-7B66-BFAC73E57CF0" value="true"/>
</engineerTo>
<adequatelyNormalized>NO</adequatelyNormalized>
<expectedVolumes>0</expectedVolumes>
<fwdEngineeringStrategyName>Single Table</fwdEngineeringStrategyName>
<growthPercent>0</growthPercent>
<growthType>Year</growthType>
<maxVolumes>9999999</maxVolumes>
<minVolumes>0</minVolumes>
<normalForm>Third</normalForm>
<attributes itemClass="oracle.dbtools.crest.model.design.logical.Attribute">
<Attribute name="ResortID" id="3B1E3BD4-2A4A-6725-C42A-D7778768289D">
<createdBy>KOIF</createdBy>
<createdTime>2021-06-01 11:35:52 UTC</createdTime>
<comment><![CDATA[ will hold one id]]></comment>
<ownerDesignName>logical</ownerDesignName>
<engineerTo>
<item key="6C9AE13D-3040-F554-5B88-550CA916DE0A" value="true"/>
<item key="7E35A9FB-7E14-8EF2-7B66-BFAC73E57CF0" value="true"/>
</engineerTo>
<use>0</use>
<ownDataTypeParameters>,,</ownDataTypeParameters>
</Attribute>
<Attribute name="CabinNo" id="8AC2699F-00EA-133A-6C23-0771E5C6AAE8">
<createdBy>KOIF</createdBy>
<createdTime>2021-06-01 11:36:08 UTC</createdTime>
<ownerDesignName>logical</ownerDesignName>
<engineerTo>
<item key="6C9AE13D-3040-F554-5B88-550CA916DE0A" value="true"/>
<item key="7E35A9FB-7E14-8EF2-7B66-BFAC73E57CF0" value="true"/>
</engineerTo>
<use>0</use>
<ownDataTypeParameters>,,</ownDataTypeParameters>
</Attribute>
<Attribute name="DateTimeCleaned" id="D70EF51F-5B6A-BD1C-5C41-F0A36CB0E997">
<createdBy>KOIF</createdBy>
<createdTime>2021-06-01 11:36:16 UTC</createdTime>
<ownerDesignName>logical</ownerDesignName>
<engineerTo>
<item key="6C9AE13D-3040-F554-5B88-550CA916DE0A" value="true"/>
<item key="7E35A9FB-7E14-8EF2-7B66-BFAC73E57CF0" value="true"/>
</engineerTo>
<use>0</use>
<ownDataTypeParameters>,,</ownDataTypeParameters>
</Attribute>
<Attribute name="ContractorNo" id="15F78609-F34F-4E13-AC23-67F0BC08BB7A">
<createdBy>KOIF</createdBy>
<createdTime>2021-06-01 12:30:05 UTC</createdTime>
<ownerDesignName>logical</ownerDesignName>
<engineerTo>
<item key="6C9AE13D-3040-F554-5B88-550CA916DE0A" value="true"/>
<item key="7E35A9FB-7E14-8EF2-7B66-BFAC73E57CF0" value="true"/>
</engineerTo>
<use>0</use>
<ownDataTypeParameters>,,</ownDataTypeParameters>
</Attribute>
<Attribute name="ActualCabinCleaningTime" id="3C1A6052-BE9D-0C20-6F62-E7059A0E1D6A">
<createdBy>KOIF</createdBy>
<createdTime>2021-06-01 11:36:47 UTC</createdTime>
<ownerDesignName>logical</ownerDesignName>
<engineerTo>
<item key="6C9AE13D-3040-F554-5B88-550CA916DE0A" value="true"/>
<item key="7E35A9FB-7E14-8EF2-7B66-BFAC73E57CF0" value="true"/>
</engineerTo>
<nullsAllowed>true</nullsAllowed>
<use>0</use>
<ownDataTypeParameters>,,</ownDataTypeParameters>
</Attribute>
<Attribute name="CabinCleaningCharge" id="262B08BB-38BA-38FA-5C6D-7417FAFBD00D">
<createdBy>KOIF</createdBy>
<createdTime>2021-06-01 11:36:51 UTC</createdTime>
<ownerDesignName>logical</ownerDesignName>
<engineerTo>
<item key="6C9AE13D-3040-F554-5B88-550CA916DE0A" value="true"/>
<item key="7E35A9FB-7E14-8EF2-7B66-BFAC73E57CF0" value="true"/>
</engineerTo>
<nullsAllowed>true</nullsAllowed>
<use>0</use>
<ownDataTypeParameters>,,</ownDataTypeParameters>
</Attribute>
<Attribute name="ResortID  " id="232623DC-3FD9-246A-A319-F14013806FB3">
<createdBy>KOIF</createdBy>
<createdTime>2021-06-01 12:37:38 UTC</createdTime>
<generatorID>B9B25255-6178-A357-98AC-A91B6EDFC0C7</generatorID>
<ownerDesignName>logical</ownerDesignName>
<engineerTo>
<item key="6C9AE13D-3040-F554-5B88-550CA916DE0A" value="true"/>
<item key="7E35A9FB-7E14-8EF2-7B66-BFAC73E57CF0" value="true"/>
</engineerTo>
<nullsAllowed>true</nullsAllowed>
<referedAttribute>938A9568-2DCE-105C-F558-B0F0F640AA28</referedAttribute>
<use>0</use>
<ownDataTypeParameters>,,</ownDataTypeParameters>
</Attribute>
<Attribute name="ResortID1" id="655B9A69-93FB-ECCD-2C95-CD3799A48426">
<createdBy>KOIF</createdBy>
<createdTime>2021-06-01 14:30:15 UTC</createdTime>
<comment><![CDATA[ will hold one id]]></comment>
<generatorID>B5ED2BB2-A61B-C4C5-FE34-C9D9E6A9C47C</generatorID>
<ownerDesignName>logical</ownerDesignName>
<engineerTo>
<item key="6C9AE13D-3040-F554-5B88-550CA916DE0A" value="true"/>
<item key="7E35A9FB-7E14-8EF2-7B66-BFAC73E57CF0" value="true"/>
</engineerTo>
<referedAttribute>82B09488-BDB1-6B4E-A698-50524D66E85B</referedAttribute>
<use>0</use>
<ownDataTypeParameters>,,</ownDataTypeParameters>
</Attribute>
<Attribute name="CabinNo1" id="FDD4B87A-501C-8DC6-0D95-87981F659CAA">
<createdBy>KOIF</createdBy>
<createdTime>2021-06-01 14:30:15 UTC</createdTime>
<generatorID>B5ED2BB2-A61B-C4C5-FE34-C9D9E6A9C47C</generatorID>
<ownerDesignName>logical</ownerDesignName>
<engineerTo>
<item key="6C9AE13D-3040-F554-5B88-550CA916DE0A" value="true"/>
<item key="7E35A9FB-7E14-8EF2-7B66-BFAC73E57CF0" value="true"/>
</engineerTo>
<referedAttribute>D9BA36C8-5E0E-6993-98A2-31AE5E28BD44</referedAttribute>
<use>0</use>
<ownDataTypeParameters>,,</ownDataTypeParameters>
</Attribute>
<Attribute name="ContractorNo1" id="26F4F78B-4393-4545-876A-B740E7616189">
<createdBy>KOIF</createdBy>
<createdTime>2021-06-01 14:30:54 UTC</createdTime>
<generatorID>9D7E734D-1931-9DBE-FD74-190203E10BED</generatorID>
<ownerDesignName>logical</ownerDesignName>
<engineerTo>
<item key="6C9AE13D-3040-F554-5B88-550CA916DE0A" value="true"/>
<item key="7E35A9FB-7E14-8EF2-7B66-BFAC73E57CF0" value="true"/>
</engineerTo>
<referedAttribute>0F242343-746E-BA31-EA4E-BBB16FCED211</referedAttribute>
<use>0</use>
<ownDataTypeParameters>,,</ownDataTypeParameters>
</Attribute>
</attributes>
<identifiers itemClass="oracle.dbtools.crest.model.design.logical.CandidateKey">
<identifier id="D132F0A2-49E5-22E7-1E11-6480073A0469" name="Cleaning History PK">
<createdBy>KOIF</createdBy>
<createdTime>2021-06-01 12:27:54 UTC</createdTime>
<ownerDesignName>logical</ownerDesignName>
<engineerTo>
<item key="6C9AE13D-3040-F554-5B88-550CA916DE0A" value="true"/>
<item key="7E35A9FB-7E14-8EF2-7B66-BFAC73E57CF0" value="true"/>
</engineerTo>
<pk>true</pk>
<usedAttributes>
<attributeRef>3B1E3BD4-2A4A-6725-C42A-D7778768289D</attributeRef>
<attributeRef>8AC2699F-00EA-133A-6C23-0771E5C6AAE8</attributeRef>
<attributeRef>D70EF51F-5B6A-BD1C-5C41-F0A36CB0E997</attributeRef>
<attributeRef>15F78609-F34F-4E13-AC23-67F0BC08BB7A</attributeRef>
</usedAttributes>
</identifier>
</identifiers>
</Entity>
