<?xml version = '1.0' encoding = 'UTF-8'?>
<Entity class="oracle.dbtools.crest.model.design.logical.Entity" directorySegmentName="seg_0" id="3D229279-98EF-7551-48B3-1FBF9AC0169B" name="ResortAdress">
<createdBy>KOIF</createdBy>
<createdTime>2021-06-01 12:20:42 UTC</createdTime>
<ownerDesignName>logical</ownerDesignName>
<engineerTo>
<item key="6C9AE13D-3040-F554-5B88-550CA916DE0A" value="true"/>
<item key="7E35A9FB-7E14-8EF2-7B66-BFAC73E57CF0" value="true"/>
</engineerTo>
<adequatelyNormalized>NO</adequatelyNormalized>
<expectedVolumes>0</expectedVolumes>
<fwdEngineeringStrategyName>Single Table</fwdEngineeringStrategyName>
<growthPercent>0</growthPercent>
<growthType>Year</growthType>
<maxVolumes>9999999</maxVolumes>
<minVolumes>0</minVolumes>
<normalForm>Third</normalForm>
<attributes itemClass="oracle.dbtools.crest.model.design.logical.Attribute">
<Attribute name="ResortID  " id="938A9568-2DCE-105C-F558-B0F0F640AA28">
<createdBy>KOIF</createdBy>
<createdTime>2021-06-01 12:20:53 UTC</createdTime>
<ownerDesignName>logical</ownerDesignName>
<engineerTo>
<item key="6C9AE13D-3040-F554-5B88-550CA916DE0A" value="true"/>
<item key="7E35A9FB-7E14-8EF2-7B66-BFAC73E57CF0" value="true"/>
</engineerTo>
<use>0</use>
<ownDataTypeParameters>,,</ownDataTypeParameters>
</Attribute>
<Attribute name="Street" id="4A0B7690-7B2C-242C-FD43-1B780CC9D26B">
<createdBy>KOIF</createdBy>
<createdTime>2021-06-01 12:21:08 UTC</createdTime>
<ownerDesignName>logical</ownerDesignName>
<engineerTo>
<item key="6C9AE13D-3040-F554-5B88-550CA916DE0A" value="true"/>
<item key="7E35A9FB-7E14-8EF2-7B66-BFAC73E57CF0" value="true"/>
</engineerTo>
<use>0</use>
<ownDataTypeParameters>,,</ownDataTypeParameters>
</Attribute>
<Attribute name="Town" id="D3F4E59E-EF9A-C494-CA61-7A13B90224F6">
<createdBy>KOIF</createdBy>
<createdTime>2021-06-01 12:21:21 UTC</createdTime>
<ownerDesignName>logical</ownerDesignName>
<engineerTo>
<item key="6C9AE13D-3040-F554-5B88-550CA916DE0A" value="true"/>
<item key="7E35A9FB-7E14-8EF2-7B66-BFAC73E57CF0" value="true"/>
</engineerTo>
<use>0</use>
<ownDataTypeParameters>,,</ownDataTypeParameters>
</Attribute>
<Attribute name="PostalCode" id="26EC341C-A918-6BC1-0EE6-EBAA039A9589">
<createdBy>KOIF</createdBy>
<createdTime>2021-06-01 12:21:29 UTC</createdTime>
<ownerDesignName>logical</ownerDesignName>
<engineerTo>
<item key="6C9AE13D-3040-F554-5B88-550CA916DE0A" value="true"/>
<item key="7E35A9FB-7E14-8EF2-7B66-BFAC73E57CF0" value="true"/>
</engineerTo>
<nullsAllowed>true</nullsAllowed>
<use>0</use>
<ownDataTypeParameters>,,</ownDataTypeParameters>
</Attribute>
</attributes>
<identifiers itemClass="oracle.dbtools.crest.model.design.logical.CandidateKey">
<identifier id="EBCA6C7F-CDB1-4EB3-B628-225B48BE776F" name="ResortAdress PK">
<createdBy>KOIF</createdBy>
<createdTime>2021-06-01 12:37:20 UTC</createdTime>
<ownerDesignName>logical</ownerDesignName>
<engineerTo>
<item key="6C9AE13D-3040-F554-5B88-550CA916DE0A" value="true"/>
<item key="7E35A9FB-7E14-8EF2-7B66-BFAC73E57CF0" value="true"/>
</engineerTo>
<pk>true</pk>
<usedAttributes>
<attributeRef>938A9568-2DCE-105C-F558-B0F0F640AA28</attributeRef>
</usedAttributes>
</identifier>
</identifiers>
</Entity>
