<?xml version = '1.0' encoding = 'UTF-8'?>
<Entity class="oracle.dbtools.crest.model.design.logical.Entity" directorySegmentName="seg_0" id="59A6B98E-4509-3C4F-ED93-EBF1926D3669" name="Contractor">
<createdBy>KOIF</createdBy>
<createdTime>2021-06-01 14:23:52 UTC</createdTime>
<ownerDesignName>logical</ownerDesignName>
<engineerTo>
<item key="6C9AE13D-3040-F554-5B88-550CA916DE0A" value="true"/>
<item key="7E35A9FB-7E14-8EF2-7B66-BFAC73E57CF0" value="true"/>
</engineerTo>
<adequatelyNormalized>NO</adequatelyNormalized>
<expectedVolumes>0</expectedVolumes>
<fwdEngineeringStrategyName>Single Table</fwdEngineeringStrategyName>
<growthPercent>0</growthPercent>
<growthType>Year</growthType>
<maxVolumes>9999999</maxVolumes>
<minVolumes>0</minVolumes>
<normalForm>Third</normalForm>
<attributes itemClass="oracle.dbtools.crest.model.design.logical.Attribute">
<Attribute name="ContractorNo" id="0F242343-746E-BA31-EA4E-BBB16FCED211">
<createdBy>KOIF</createdBy>
<createdTime>2021-06-01 14:23:52 UTC</createdTime>
<ownerDesignName>logical</ownerDesignName>
<engineerTo>
<item key="6C9AE13D-3040-F554-5B88-550CA916DE0A" value="true"/>
<item key="7E35A9FB-7E14-8EF2-7B66-BFAC73E57CF0" value="true"/>
</engineerTo>
<use>0</use>
<ownDataTypeParameters>,,</ownDataTypeParameters>
</Attribute>
<Attribute name="First" id="27AEDB91-F659-118A-0753-B49B760B52E5">
<createdBy>KOIF</createdBy>
<createdTime>2021-06-01 14:23:52 UTC</createdTime>
<ownerDesignName>logical</ownerDesignName>
<engineerTo>
<item key="6C9AE13D-3040-F554-5B88-550CA916DE0A" value="true"/>
<item key="7E35A9FB-7E14-8EF2-7B66-BFAC73E57CF0" value="true"/>
</engineerTo>
<nullsAllowed>true</nullsAllowed>
<use>0</use>
<ownDataTypeParameters>,,</ownDataTypeParameters>
</Attribute>
<Attribute name="Last" id="B3F3D778-21EE-98C7-5706-976C1484857B">
<createdBy>KOIF</createdBy>
<createdTime>2021-06-01 14:23:52 UTC</createdTime>
<ownerDesignName>logical</ownerDesignName>
<engineerTo>
<item key="6C9AE13D-3040-F554-5B88-550CA916DE0A" value="true"/>
<item key="7E35A9FB-7E14-8EF2-7B66-BFAC73E57CF0" value="true"/>
</engineerTo>
<nullsAllowed>true</nullsAllowed>
<use>0</use>
<ownDataTypeParameters>,,</ownDataTypeParameters>
</Attribute>
<Attribute name="ContractRate" id="2B61F47A-9D66-A783-ACB7-88A7256E0B01">
<createdBy>KOIF</createdBy>
<createdTime>2021-06-01 14:23:52 UTC</createdTime>
<ownerDesignName>logical</ownerDesignName>
<engineerTo>
<item key="6C9AE13D-3040-F554-5B88-550CA916DE0A" value="true"/>
<item key="7E35A9FB-7E14-8EF2-7B66-BFAC73E57CF0" value="true"/>
</engineerTo>
<nullsAllowed>true</nullsAllowed>
<use>0</use>
<ownDataTypeParameters>,,</ownDataTypeParameters>
</Attribute>
</attributes>
<identifiers itemClass="oracle.dbtools.crest.model.design.logical.CandidateKey">
<identifier id="BE70FE6E-D76C-D247-8945-431F672EED4B" name="Cleaning History PK">
<createdBy>KOIF</createdBy>
<createdTime>2021-06-01 14:23:52 UTC</createdTime>
<ownerDesignName>logical</ownerDesignName>
<engineerTo>
<item key="6C9AE13D-3040-F554-5B88-550CA916DE0A" value="true"/>
<item key="7E35A9FB-7E14-8EF2-7B66-BFAC73E57CF0" value="true"/>
</engineerTo>
<pk>true</pk>
<usedAttributes>
<attributeRef>0F242343-746E-BA31-EA4E-BBB16FCED211</attributeRef>
</usedAttributes>
</identifier>
</identifiers>
</Entity>
