<?xml version = '1.0' encoding = 'UTF-8'?>
<Entity class="oracle.dbtools.crest.model.design.logical.Entity" directorySegmentName="seg_0" id="E09EBAFF-64AA-0600-050B-7216AD0F7032" name="CabinStandard">
<createdBy>KOIF</createdBy>
<createdTime>2021-06-01 14:25:09 UTC</createdTime>
<ownerDesignName>logical</ownerDesignName>
<engineerTo>
<item key="6C9AE13D-3040-F554-5B88-550CA916DE0A" value="true"/>
<item key="7E35A9FB-7E14-8EF2-7B66-BFAC73E57CF0" value="true"/>
</engineerTo>
<adequatelyNormalized>NO</adequatelyNormalized>
<expectedVolumes>0</expectedVolumes>
<fwdEngineeringStrategyName>Single Table</fwdEngineeringStrategyName>
<growthPercent>0</growthPercent>
<growthType>Year</growthType>
<maxVolumes>9999999</maxVolumes>
<minVolumes>0</minVolumes>
<normalForm>Third</normalForm>
<attributes itemClass="oracle.dbtools.crest.model.design.logical.Attribute">
<Attribute name="ResortID" id="82B09488-BDB1-6B4E-A698-50524D66E85B">
<createdBy>KOIF</createdBy>
<createdTime>2021-06-01 14:25:09 UTC</createdTime>
<comment><![CDATA[ will hold one id]]></comment>
<ownerDesignName>logical</ownerDesignName>
<engineerTo>
<item key="6C9AE13D-3040-F554-5B88-550CA916DE0A" value="true"/>
<item key="7E35A9FB-7E14-8EF2-7B66-BFAC73E57CF0" value="true"/>
</engineerTo>
<use>0</use>
<ownDataTypeParameters>,,</ownDataTypeParameters>
</Attribute>
<Attribute name="CabinNo" id="D9BA36C8-5E0E-6993-98A2-31AE5E28BD44">
<createdBy>KOIF</createdBy>
<createdTime>2021-06-01 14:25:09 UTC</createdTime>
<ownerDesignName>logical</ownerDesignName>
<engineerTo>
<item key="6C9AE13D-3040-F554-5B88-550CA916DE0A" value="true"/>
<item key="7E35A9FB-7E14-8EF2-7B66-BFAC73E57CF0" value="true"/>
</engineerTo>
<use>0</use>
<ownDataTypeParameters>,,</ownDataTypeParameters>
</Attribute>
<Attribute name="StandardCabinCleaningTime" id="E69DA106-A416-3803-C587-F49B144AFB6E">
<createdBy>KOIF</createdBy>
<createdTime>2021-06-01 14:25:09 UTC</createdTime>
<ownerDesignName>logical</ownerDesignName>
<engineerTo>
<item key="6C9AE13D-3040-F554-5B88-550CA916DE0A" value="true"/>
<item key="7E35A9FB-7E14-8EF2-7B66-BFAC73E57CF0" value="true"/>
</engineerTo>
<nullsAllowed>true</nullsAllowed>
<use>0</use>
<ownDataTypeParameters>,,</ownDataTypeParameters>
</Attribute>
</attributes>
<identifiers itemClass="oracle.dbtools.crest.model.design.logical.CandidateKey">
<identifier id="B4D8E136-4941-8EA4-C0EF-E0DCD58B3531" name="Cleaning History PK">
<createdBy>KOIF</createdBy>
<createdTime>2021-06-01 14:25:09 UTC</createdTime>
<ownerDesignName>logical</ownerDesignName>
<engineerTo>
<item key="6C9AE13D-3040-F554-5B88-550CA916DE0A" value="true"/>
<item key="7E35A9FB-7E14-8EF2-7B66-BFAC73E57CF0" value="true"/>
</engineerTo>
<pk>true</pk>
<usedAttributes>
<attributeRef>82B09488-BDB1-6B4E-A698-50524D66E85B</attributeRef>
<attributeRef>D9BA36C8-5E0E-6993-98A2-31AE5E28BD44</attributeRef>
</usedAttributes>
</identifier>
</identifiers>
</Entity>
