<?xml version = '1.0' encoding = 'UTF-8'?>
<Relation class="oracle.dbtools.crest.model.design.logical.Relation" name="Adress" directorySegmentName="seg_0" id="B9B25255-6178-A357-98AC-A91B6EDFC0C7">
<createdBy>KOIF</createdBy>
<createdTime>2021-06-01 12:22:13 UTC</createdTime>
<ownerDesignName>logical</ownerDesignName>
<engineerTo>
<item key="6C9AE13D-3040-F554-5B88-550CA916DE0A" value="true"/>
<item key="7E35A9FB-7E14-8EF2-7B66-BFAC73E57CF0" value="true"/>
</engineerTo>
<targetPk>EBCA6C7F-CDB1-4EB3-B628-225B48BE776F</targetPk>
<identifying>false</identifying>
<optionalSource>true</optionalSource>
<optionalTarget>false</optionalTarget>
<sourceCardinality>*</sourceCardinality>
<sourceEntity>2F0472B9-9912-064E-F3BE-9FC3C31D65DC</sourceEntity>
<targetCardinalityString>1</targetCardinalityString>
<targetEntity>3D229279-98EF-7551-48B3-1FBF9AC0169B</targetEntity>
<transferable>true</transferable>
<deleteRule>NO ACTION</deleteRule>
</Relation>
